,candidate,copeland_score,image,network,dataset,survey
0,48,0,000017-min-vesselunet-drive.png,unet,drive,1
1,66,1,000017-min-iternet-uni-drive.png,iternet_uni,iternet_uni,1
2,40,2,000017-min-iternet-drive.png,iternet,drive,1
3,28,3,000017-min-vgan-drive.png,vgan,drive,1
4,45,5,000017-min-saunet-drive.png,unet,drive,1
5,57,5,000017-min-eswanet-drive.png,eswanet,drive,1
6,61,6,000017-min-laddernet-drive.png,laddernet,drive,1
7,64,6,000017-min-unet-drive.png,unet,drive,1
8,34,0,000021-median-max-vesselunet-drive.png,unet,drive,2
9,31,3,000021-median-max-vgan-drive.png,vgan,drive,2
10,39,3,000021-median-max-eswanet-drive.png,eswanet,drive,2
11,67,3,000021-median-max-iternet-uni-drive.png,iternet_uni,iternet_uni,2
12,38,4,000021-median-max-laddernet-drive.png,laddernet,drive,2
13,41,5,000021-median-max-unet-drive.png,unet,drive,2
14,50,5,000021-median-max-saunet-drive.png,unet,drive,2
15,65,5,000021-median-max-iternet-drive.png,iternet,drive,2
16,22,0,,,,
17,37,1,000594-min-vgan-drive.png,vgan,drive,3.0
18,29,3,000594-min-laddernet-drive.png,laddernet,drive,3.0
19,49,4,000594-min-unet-drive.png,unet,drive,3.0
20,36,5,000594-min-saunet-drive.png,unet,drive,3.0
21,52,5,000594-min-iternet-drive.png,iternet,drive,3.0
22,54,5,000594-min-iternet-uni-drive.png,iternet_uni,iternet_uni,3.0
23,56,5,000594-min-eswanet-drive.png,eswanet,drive,3.0
24,27,0,001771-median-vesselunet-drive.png,unet,drive,4
25,20,3,001771-median-iternet-uni-drive.png,iternet_uni,iternet_uni,4
26,25,3,001771-median-laddernet-drive.png,laddernet,drive,4
27,46,3,001771-median-saunet-drive.png,unet,drive,4
28,58,3,001771-median-unet-drive.png,unet,drive,4
29,43,5,001771-median-eswanet-drive.png,eswanet,drive,4
30,55,5,001771-median-iternet-drive.png,iternet,drive,4
31,21,6,001771-median-vgan-drive.png,vgan,drive,4
32,59,0,003597-max-vesselunet-drive.png,unet,drive,5
33,24,3,003597-max-saunet-drive.png,unet,drive,5
34,53,3,003597-max-laddernet-drive.png,laddernet,drive,5
35,62,3,003597-max-eswanet-drive.png,eswanet,drive,5
36,63,3,003597-max-vgan-drive.png,vgan,drive,5
37,23,5,003597-max-iternet-uni-drive.png,iternet_uni,iternet_uni,5
38,44,5,003597-max-unet-drive.png,unet,drive,5
39,35,6,003597-max-iternet-drive.png,iternet,drive,5
40,51,0,003945-max-vesselunet-drive.png,unet,drive,6
41,42,2,003945-max-laddernet-drive.png,laddernet,drive,6
42,32,3,003945-max-vgan-drive.png,vgan,drive,6
43,60,3,003945-max-saunet-drive.png,unet,drive,6
44,33,4,003945-max-unet-drive.png,unet,drive,6
45,30,5,003945-max-iternet-uni-drive.png,iternet_uni,iternet_uni,6
46,47,5,003945-max-iternet-drive.png,iternet,drive,6
47,26,6,003945-max-eswanet-drive.png,eswanet,drive,6
48,70,0,000001-median-iternet-stare.png,iternet,stare,7
49,93,1,000001-median-vgan-stare.png,vgan,stare,7
50,108,2,000001-median-saunet-stare.png,unet,stare,7
51,95,3,000001-median-unet-stare.png,unet,stare,7
52,80,4,000001-median-iternet-uni-stare.png,iternet_uni,iternet_uni,7
53,83,5,000001-median-laddernet-stare.png,laddernet,stare,7
54,104,6,000001-median-eswanet-stare.png,eswanet,stare,7
55,87,7,000001-median-vesselunet-stare.png,unet,stare,7
56,98,0,000257-min-iternet-stare.png,iternet,stare,8
57,77,1,000257-min-saunet-stare.png,unet,stare,8
58,69,3,000257-min-vgan-stare.png,vgan,stare,8
59,105,3,000257-min-unet-stare.png,unet,stare,8
60,107,4,000257-min-eswanet-stare.png,eswanet,stare,8
61,94,5,000257-min-iternet-uni-stare.png,iternet_uni,iternet_uni,8
62,100,5,000257-min-laddernet-stare.png,laddernet,stare,8
63,114,7,000257-min-vesselunet-stare.png,unet,stare,8
64,81,1,000278-median-vgan-stare.png,vgan,stare,9
65,71,3,000278-median-iternet-uni-stare.png,iternet_uni,iternet_uni,9
66,75,3,000278-median-vesselunet-stare.png,unet,stare,9
67,85,3,000278-median-laddernet-stare.png,laddernet,stare,9
68,97,3,000278-median-saunet-stare.png,unet,stare,9
69,91,4,000278-median-unet-stare.png,unet,stare,9
70,106,4,000278-median-eswanet-stare.png,eswanet,stare,9
71,115,7,000278-median-iternet-stare.png,iternet,stare,9
72,96,0,000291-min-saunet-stare.png,unet,stare,10
73,84,1,000291-min-unet-stare.png,unet,stare,10
74,73,3,000291-min-iternet-stare.png,iternet,stare,10
75,111,3,000291-min-vgan-stare.png,vgan,stare,10
76,102,4,000291-min-laddernet-stare.png,laddernet,stare,10
77,92,5,000291-min-eswanet-stare.png,eswanet,stare,10
78,101,5,000291-min-vesselunet-stare.png,unet,stare,10
79,103,7,000291-min-iternet-uni-stare.png,iternet_uni,iternet_uni,10
80,90,1,000520-median-iternet-stare.png,iternet,stare,11
81,99,1,000520-median-saunet-stare.png,unet,stare,11
82,74,4,000520-median-vesselunet-stare.png,unet,stare,11
83,82,4,000520-median-vgan-stare.png,vgan,stare,11
84,109,4,000520-median-iternet-uni-stare.png,iternet_uni,iternet_uni,11
85,112,4,000520-median-eswanet-stare.png,eswanet,stare,11
86,68,5,000520-median-unet-stare.png,unet,stare,11
87,76,5,000520-median-laddernet-stare.png,laddernet,stare,11
88,72,0,001533-min-iternet-stare.png,iternet,stare,12
89,110,1,001533-min-saunet-stare.png,unet,stare,12
90,78,2,001533-min-unet-stare.png,unet,stare,12
91,89,4,001533-min-laddernet-stare.png,laddernet,stare,12
92,113,4,001533-min-vesselunet-stare.png,unet,stare,12
93,79,5,001533-min-eswanet-stare.png,eswanet,stare,12
94,86,6,001533-min-vgan-stare.png,vgan,stare,12
95,88,6,001533-min-iternet-uni-stare.png,iternet_uni,iternet_uni,12
96,155,0,000000-max-iternet-uni-chase.png,iternet_uni,iternet_uni,13
97,153,1,000000-max-iternet-chase.png,iternet,chase,13
98,118,3,000000-max-vesselunet-chase.png,unet,chase,13
99,151,3,000000-max-saunet-chase.png,unet,chase,13
100,122,5,000000-max-laddernet-chase.png,laddernet,chase,13
101,148,5,000000-max-eswanet-chase.png,eswanet,chase,13
102,149,5,000000-max-unet-chase.png,unet,chase,13
103,134,6,000000-max-vgan-chase.png,vgan,chase,13
104,137,0,000005-max-iternet-uni-chase.png,iternet_uni,iternet_uni,14
105,146,1,000005-max-iternet-chase.png,iternet,chase,14
106,126,4,000005-max-vesselunet-chase.png,unet,chase,14
107,132,4,000005-max-eswanet-chase.png,eswanet,chase,14
108,147,4,000005-max-laddernet-chase.png,laddernet,chase,14
109,121,5,000005-max-vgan-chase.png,vgan,chase,14
110,133,5,000005-max-saunet-chase.png,unet,chase,14
111,139,5,000005-max-unet-chase.png,unet,chase,14
112,127,0,000007-max-iternet-chase.png,iternet,chase,15
113,140,1,000007-max-iternet-uni-chase.png,iternet_uni,iternet_uni,15
114,120,2,000007-max-laddernet-chase.png,laddernet,chase,15
115,129,4,000007-max-vgan-chase.png,vgan,chase,15
116,136,4,000007-max-eswanet-chase.png,eswanet,chase,15
117,141,4,000007-max-unet-chase.png,unet,chase,15
118,143,6,000007-max-saunet-chase.png,unet,chase,15
119,142,7,000007-max-vesselunet-chase.png,unet,chase,15
120,145,0,001219-median-iternet-uni-chase.png,iternet_uni,iternet_uni,16
121,125,1,001219-median-iternet-chase.png,iternet,chase,16
122,117,2,001219-median-eswanet-chase.png,eswanet,chase,16
123,128,4,001219-median-laddernet-chase.png,laddernet,chase,16
124,135,4,001219-median-unet-chase.png,unet,chase,16
125,124,5,001219-median-vesselunet-chase.png,unet,chase,16
126,138,6,001219-median-vgan-chase.png,vgan,chase,16
127,152,6,001219-median-saunet-chase.png,unet,chase,16
128,144,0,002391-min-iternet-uni-chase.png,iternet_uni,iternet_uni,17
129,130,1,002391-min-iternet-chase.png,iternet,chase,17
130,150,3,002391-min-vesselunet-chase.png,unet,chase,17
131,154,3,002391-min-unet-chase.png,unet,chase,17
132,123,4,002391-min-laddernet-chase.png,laddernet,chase,17
133,116,5,002391-min-eswanet-chase.png,eswanet,chase,17
134,131,5,002391-min-saunet-chase.png,unet,chase,17
135,119,7,002391-min-vgan-chase.png,vgan,chase,17
136,88,0,000762-iternet_uni-chase.png,iternet_uni,chase,18
137,62,1,000762-iternet-chase.png,iternet,chase,18
138,35,4,000762-saunet-chase.png,unet,chase,18
139,82,4,000762-unet-chase.png,unet,chase,18
140,120,4,000762-vesselunet-chase.png,unet,chase,18
141,156,4,000762-eswanet-chase.png,eswanet,chase,18
142,177,5,000762-vgan-chase.png,vgan,chase,18
143,214,6,000762-laddernet-chase.png,laddernet,chase,18
144,93,0,000002-iternet_uni-chase.png,iternet_uni,chase,19
145,149,1,000002-iternet-chase.png,iternet,chase,19
146,145,2,000002-vgan-chase.png,vgan,chase,19
147,40,4,000002-unet-chase.png,unet,chase,19
148,122,5,000002-laddernet-chase.png,laddernet,chase,19
149,190,5,000002-saunet-chase.png,unet,chase,19
150,219,5,000002-eswanet-chase.png,eswanet,chase,19
151,199,6,000002-vesselunet-chase.png,unet,chase,19
152,29,1,002381-vesselunet-chase.png,unet,chase,20
153,158,1,002381-iternet-chase.png,iternet,chase,20
154,180,1,002381-iternet_uni-chase.png,iternet_uni,chase,20
155,76,3,002381-laddernet-chase.png,laddernet,chase,20
156,32,5,002381-vgan-chase.png,vgan,chase,20
157,182,5,002381-unet-chase.png,unet,chase,20
158,69,6,002381-eswanet-chase.png,eswanet,chase,20
159,152,6,002381-saunet-chase.png,unet,chase,20
160,133,1,002401-iternet_uni-chase.png,iternet_uni,chase,21
161,38,2,002401-iternet-chase.png,iternet,chase,21
162,36,3,002401-vesselunet-chase.png,unet,chase,21
163,47,3,002401-saunet-chase.png,unet,chase,21
164,55,4,002401-unet-chase.png,unet,chase,21
165,148,4,002401-laddernet-chase.png,laddernet,chase,21
166,74,5,002401-eswanet-chase.png,eswanet,chase,21
167,94,6,002401-vgan-chase.png,vgan,chase,21
168,60,0,003569-iternet_uni-chase.png,iternet_uni,chase,22
169,222,1,003569-iternet-chase.png,iternet,chase,22
170,124,2,003569-saunet-chase.png,unet,chase,22
171,44,3,003569-unet-chase.png,unet,chase,22
172,136,4,003569-vesselunet-chase.png,unet,chase,22
173,150,5,003569-vgan-chase.png,vgan,chase,22
174,157,6,003569-laddernet-chase.png,laddernet,chase,22
175,198,7,003569-eswanet-chase.png,eswanet,chase,22
176,159,0,000004-iternet_uni-chase.png,iternet_uni,chase,23
177,166,1,000004-iternet-chase.png,iternet,chase,23
178,34,2,000004-vgan-chase.png,vgan,chase,23
179,42,4,000004-saunet-chase.png,unet,chase,23
180,66,4,000004-vesselunet-chase.png,unet,chase,23
181,127,5,000004-laddernet-chase.png,laddernet,chase,23
182,130,6,000004-unet-chase.png,unet,chase,23
183,142,6,000004-eswanet-chase.png,eswanet,chase,23
184,31,0,,,,
185,189,1,000001-iternet-chase.png,iternet,chase,24.0
186,70,3,000001-saunet-chase.png,unet,chase,24.0
187,71,3,000001-unet-chase.png,unet,chase,24.0
188,178,3,000001-vesselunet-chase.png,unet,chase,24.0
189,132,5,000001-eswanet-chase.png,eswanet,chase,24.0
190,203,6,000001-vgan-chase.png,vgan,chase,24.0
191,212,7,000001-laddernet-chase.png,laddernet,chase,24.0
192,59,0,001094-iternet_uni-chase.png,iternet_uni,chase,25
193,83,1,001094-iternet-chase.png,iternet,chase,25
194,106,2,001094-unet-chase.png,unet,chase,25
195,110,3,001094-vesselunet-chase.png,unet,chase,25
196,188,4,001094-saunet-chase.png,unet,chase,25
197,139,5,001094-eswanet-chase.png,eswanet,chase,25
198,115,6,001094-laddernet-chase.png,laddernet,chase,25
199,61,7,001094-vgan-chase.png,vgan,chase,25
200,135,2,000007-iternet_uni-chase.png,iternet_uni,chase,26
201,48,3,000007-saunet-chase.png,unet,chase,26
202,102,3,000007-eswanet-chase.png,eswanet,chase,26
203,163,3,000007-unet-chase.png,unet,chase,26
204,225,3,000007-laddernet-chase.png,laddernet,chase,26
205,85,4,000007-vesselunet-chase.png,unet,chase,26
206,224,4,000007-iternet-chase.png,iternet,chase,26
207,84,6,000007-vgan-chase.png,vgan,chase,26
208,109,0,000006-iternet-chase.png,iternet,chase,27
209,170,1,000006-iternet_uni-chase.png,iternet_uni,chase,27
210,68,3,000006-unet-chase.png,unet,chase,27
211,193,3,000006-eswanet-chase.png,eswanet,chase,27
212,210,4,000006-laddernet-chase.png,laddernet,chase,27
213,28,5,000006-vgan-chase.png,vgan,chase,27
214,89,5,000006-vesselunet-chase.png,unet,chase,27
215,137,7,000006-saunet-chase.png,unet,chase,27
216,33,0,002391-iternet_uni-chase.png,iternet_uni,chase,28
217,107,2,002391-unet-chase.png,unet,chase,28
218,143,2,002391-laddernet-chase.png,laddernet,chase,28
219,184,2,002391-iternet-chase.png,iternet,chase,28
220,155,5,002391-vgan-chase.png,vgan,chase,28
221,179,5,002391-saunet-chase.png,unet,chase,28
222,192,6,002391-eswanet-chase.png,eswanet,chase,28
223,200,6,002391-vesselunet-chase.png,unet,chase,28
224,176,0,002361-iternet_uni-chase.png,iternet_uni,chase,29
225,98,1,002361-iternet-chase.png,iternet,chase,29
226,46,3,002361-eswanet-chase.png,eswanet,chase,29
227,63,3,002361-laddernet-chase.png,laddernet,chase,29
228,97,4,002361-vgan-chase.png,vgan,chase,29
229,121,5,002361-saunet-chase.png,unet,chase,29
230,215,5,002361-vesselunet-chase.png,unet,chase,29
231,126,7,002361-unet-chase.png,unet,chase,29
232,108,0,002405-iternet_uni-chase.png,iternet_uni,chase,30
233,123,1,002405-iternet-chase.png,iternet,chase,30
234,91,3,002405-vesselunet-chase.png,unet,chase,30
235,105,3,002405-laddernet-chase.png,laddernet,chase,30
236,116,3,002405-unet-chase.png,unet,chase,30
237,95,6,002405-eswanet-chase.png,eswanet,chase,30
238,197,6,002405-vgan-chase.png,vgan,chase,30
239,216,6,002405-saunet-chase.png,unet,chase,30
240,183,0,002379-iternet_uni-chase.png,iternet_uni,chase,31
241,211,2,002379-iternet-chase.png,iternet,chase,31
242,67,3,002379-vesselunet-chase.png,unet,chase,31
243,138,3,002379-eswanet-chase.png,eswanet,chase,31
244,168,3,002379-laddernet-chase.png,laddernet,chase,31
245,100,5,002379-vgan-chase.png,vgan,chase,31
246,75,6,002379-unet-chase.png,unet,chase,31
247,167,6,002379-saunet-chase.png,unet,chase,31
248,195,0,003131-iternet_uni-chase.png,iternet_uni,chase,32
249,54,1,003131-iternet-chase.png,iternet,chase,32
250,154,2,003131-vesselunet-chase.png,unet,chase,32
251,162,3,003131-unet-chase.png,unet,chase,32
252,128,5,003131-saunet-chase.png,unet,chase,32
253,161,5,003131-eswanet-chase.png,eswanet,chase,32
254,186,6,003131-laddernet-chase.png,laddernet,chase,32
255,220,6,003131-vgan-chase.png,vgan,chase,32
256,207,0,001187-iternet_uni-chase.png,iternet_uni,chase,33
257,114,1,001187-iternet-chase.png,iternet,chase,33
258,171,2,001187-laddernet-chase.png,laddernet,chase,33
259,50,3,001187-eswanet-chase.png,eswanet,chase,33
260,87,3,001187-vgan-chase.png,vgan,chase,33
261,73,4,001187-vesselunet-chase.png,unet,chase,33
262,125,4,001187-unet-chase.png,unet,chase,33
263,41,5,001187-saunet-chase.png,unet,chase,33
264,196,0,000000-iternet_uni-chase.png,iternet_uni,chase,34
265,153,1,000000-iternet-chase.png,iternet,chase,34
266,26,2,000000-saunet-chase.png,unet,chase,34
267,86,2,000000-eswanet-chase.png,eswanet,chase,34
268,218,2,000000-laddernet-chase.png,laddernet,chase,34
269,64,3,000000-vesselunet-chase.png,unet,chase,34
270,117,3,000000-unet-chase.png,unet,chase,34
271,202,4,000000-vgan-chase.png,vgan,chase,34
272,99,0,002363-iternet_uni-chase.png,iternet_uni,chase,35
273,160,1,002363-iternet-chase.png,iternet,chase,35
274,131,3,002363-unet-chase.png,unet,chase,35
275,58,4,002363-eswanet-chase.png,eswanet,chase,35
276,118,4,002363-vesselunet-chase.png,unet,chase,35
277,112,5,002363-saunet-chase.png,unet,chase,35
278,187,5,002363-vgan-chase.png,vgan,chase,35
279,205,6,002363-laddernet-chase.png,laddernet,chase,35
280,174,0,001691-iternet_uni-chase.png,iternet_uni,chase,36
281,51,1,001691-iternet-chase.png,iternet,chase,36
282,129,4,001691-unet-chase.png,unet,chase,36
283,172,4,001691-saunet-chase.png,unet,chase,36
284,181,4,001691-eswanet-chase.png,eswanet,chase,36
285,191,4,001691-vesselunet-chase.png,unet,chase,36
286,209,5,001691-laddernet-chase.png,laddernet,chase,36
287,206,6,001691-vgan-chase.png,vgan,chase,36
288,201,0,000003-iternet_uni-chase.png,iternet_uni,chase,37
289,208,2,000003-iternet-chase.png,iternet,chase,37
290,39,3,000003-eswanet-chase.png,eswanet,chase,37
291,52,3,000003-vgan-chase.png,vgan,chase,37
292,77,4,000003-vesselunet-chase.png,unet,chase,37
293,57,5,000003-saunet-chase.png,unet,chase,37
294,80,5,000003-unet-chase.png,unet,chase,37
295,175,6,000003-laddernet-chase.png,laddernet,chase,37
296,78,0,001189-iternet_uni-chase.png,iternet_uni,chase,38
297,43,1,001189-iternet-chase.png,iternet,chase,38
298,81,2,001189-saunet-chase.png,unet,chase,38
299,65,3,001189-unet-chase.png,unet,chase,38
300,146,5,001189-vgan-chase.png,vgan,chase,38
301,194,5,001189-eswanet-chase.png,eswanet,chase,38
302,173,6,001189-laddernet-chase.png,laddernet,chase,38
303,217,6,001189-vesselunet-chase.png,unet,chase,38
304,101,0,001185-iternet_uni-chase.png,iternet_uni,chase,39
305,104,1,001185-unet-chase.png,unet,chase,39
306,164,3,001185-iternet-chase.png,iternet,chase,39
307,72,4,001185-vgan-chase.png,vgan,chase,39
308,144,4,001185-saunet-chase.png,unet,chase,39
309,147,4,001185-laddernet-chase.png,laddernet,chase,39
310,169,6,001185-eswanet-chase.png,eswanet,chase,39
311,204,6,001185-vesselunet-chase.png,unet,chase,39
312,96,0,001197-iternet_uni-chase.png,iternet_uni,chase,40
313,185,1,001197-iternet-chase.png,iternet,chase,40
314,119,3,001197-vesselunet-chase.png,unet,chase,40
315,141,3,001197-saunet-chase.png,unet,chase,40
316,27,4,001197-vgan-chase.png,vgan,chase,40
317,56,5,001197-eswanet-chase.png,eswanet,chase,40
318,79,6,001197-laddernet-chase.png,laddernet,chase,40
319,221,6,001197-unet-chase.png,unet,chase,40
320,37,0,001202-iternet_uni-chase.png,iternet_uni,chase,41
321,165,1,001202-iternet-chase.png,iternet,chase,41
322,111,3,001202-laddernet-chase.png,laddernet,chase,41
323,45,4,001202-vgan-chase.png,vgan,chase,41
324,223,4,001202-vesselunet-chase.png,unet,chase,41
325,151,5,001202-unet-chase.png,unet,chase,41
326,213,5,001202-eswanet-chase.png,eswanet,chase,41
327,53,6,001202-saunet-chase.png,unet,chase,41
328,92,0,003552-iternet_uni-chase.png,iternet_uni,chase,42
329,103,1,003552-iternet-chase.png,iternet,chase,42
330,30,3,003552-unet-chase.png,unet,chase,42
331,49,4,003552-laddernet-chase.png,laddernet,chase,42
332,90,4,003552-vesselunet-chase.png,unet,chase,42
333,134,4,003552-saunet-chase.png,unet,chase,42
334,113,6,003552-vgan-chase.png,vgan,chase,42
335,140,6,003552-eswanet-chase.png,eswanet,chase,42
336,514,0,002745-vesselunet-drive.png,unet,drive,43
337,415,2,002745-iternet-drive.png,iternet,drive,43
338,406,3,002745-iternet_uni-drive.png,iternet_uni,drive,43
339,467,4,002745-eswanet-drive.png,eswanet,drive,43
340,507,4,002745-saunet-drive.png,unet,drive,43
341,448,5,002745-vgan-drive.png,vgan,drive,43
342,454,5,002745-laddernet-drive.png,laddernet,drive,43
343,460,5,002745-unet-drive.png,unet,drive,43
344,456,0,002680-vesselunet-drive.png,unet,drive,44
345,414,1,002680-saunet-drive.png,unet,drive,44
346,377,2,002680-iternet_uni-drive.png,iternet_uni,drive,44
347,389,4,002680-laddernet-drive.png,laddernet,drive,44
348,533,4,002680-vgan-drive.png,vgan,drive,44
349,329,5,002680-iternet-drive.png,iternet,drive,44
350,468,5,002680-unet-drive.png,unet,drive,44
351,388,7,002680-eswanet-drive.png,eswanet,drive,44
352,491,0,000819-vesselunet-drive.png,unet,drive,45
353,352,1,000819-saunet-drive.png,unet,drive,45
354,535,2,000819-unet-drive.png,unet,drive,45
355,349,4,000819-eswanet-drive.png,eswanet,drive,45
356,384,5,000819-laddernet-drive.png,laddernet,drive,45
357,490,5,000819-iternet_uni-drive.png,iternet_uni,drive,45
358,531,5,000819-iternet-drive.png,iternet,drive,45
359,380,6,000819-vgan-drive.png,vgan,drive,45
360,272,0,,,,
361,276,3,002764-iternet_uni-drive.png,iternet_uni,drive,46.0
362,277,3,002764-saunet-drive.png,unet,drive,46.0
363,273,4,002764-iternet-drive.png,iternet,drive,46.0
364,275,4,002764-vgan-drive.png,vgan,drive,46.0
365,278,4,002764-unet-drive.png,unet,drive,46.0
366,274,5,002764-eswanet-drive.png,eswanet,drive,46.0
367,279,5,002764-laddernet-drive.png,laddernet,drive,46.0
368,404,0,003944-vesselunet-drive.png,unet,drive,47
369,496,1,003944-saunet-drive.png,unet,drive,47
370,472,2,003944-eswanet-drive.png,eswanet,drive,47
371,347,3,003944-iternet_uni-drive.png,iternet_uni,drive,47
372,534,4,003944-iternet-drive.png,iternet,drive,47
373,411,5,003944-vgan-drive.png,vgan,drive,47
374,375,6,003944-unet-drive.png,unet,drive,47
375,374,7,003944-laddernet-drive.png,laddernet,drive,47
376,475,0,000633-vesselunet-drive.png,unet,drive,48
377,342,3,000633-unet-drive.png,unet,drive,48
378,353,3,000633-vgan-drive.png,vgan,drive,48
379,355,3,000633-iternet_uni-drive.png,iternet_uni,drive,48
380,379,3,000633-iternet-drive.png,iternet,drive,48
381,446,5,000633-saunet-drive.png,unet,drive,48
382,487,5,000633-laddernet-drive.png,laddernet,drive,48
383,493,6,000633-eswanet-drive.png,eswanet,drive,48
384,442,0,000348-vesselunet-drive.png,unet,drive,49
385,393,1,000348-unet-drive.png,unet,drive,49
386,399,3,000348-iternet_uni-drive.png,iternet_uni,drive,49
387,430,3,000348-laddernet-drive.png,laddernet,drive,49
388,435,5,000348-eswanet-drive.png,eswanet,drive,49
389,494,5,000348-iternet-drive.png,iternet,drive,49
390,504,5,000348-vgan-drive.png,vgan,drive,49
391,523,6,000348-saunet-drive.png,unet,drive,49
392,501,0,004036-vesselunet-drive.png,unet,drive,50
393,437,3,004036-iternet-drive.png,iternet,drive,50
394,461,3,004036-saunet-drive.png,unet,drive,50
395,477,3,004036-unet-drive.png,unet,drive,50
396,334,4,004036-eswanet-drive.png,eswanet,drive,50
397,401,4,004036-vgan-drive.png,vgan,drive,50
398,447,5,004036-iternet_uni-drive.png,iternet_uni,drive,50
399,350,6,004036-laddernet-drive.png,laddernet,drive,50
400,285,0,000613-vesselunet-drive.png,unet,drive,51
401,286,1,000613-unet-drive.png,unet,drive,51
402,287,2,000613-saunet-drive.png,unet,drive,51
403,283,3,000613-iternet_uni-drive.png,iternet_uni,drive,51
404,280,4,000613-iternet-drive.png,iternet,drive,51
405,281,6,000613-vgan-drive.png,vgan,drive,51
406,282,6,000613-eswanet-drive.png,eswanet,drive,51
407,284,6,000613-laddernet-drive.png,laddernet,drive,51
408,385,0,003945-vesselunet-drive.png,unet,drive,52
409,511,1,003945-saunet-drive.png,unet,drive,52
410,519,3,003945-vgan-drive.png,vgan,drive,52
411,422,4,003945-iternet_uni-drive.png,iternet_uni,drive,52
412,428,4,003945-unet-drive.png,unet,drive,52
413,338,5,003945-eswanet-drive.png,eswanet,drive,52
414,532,5,003945-iternet-drive.png,iternet,drive,52
415,469,6,003945-laddernet-drive.png,laddernet,drive,52
416,362,0,,,,
417,527,2,005077-saunet-drive.png,unet,drive,53.0
418,363,3,005077-iternet_uni-drive.png,iternet_uni,drive,53.0
419,506,3,005077-iternet-drive.png,iternet,drive,53.0
420,489,4,005077-eswanet-drive.png,eswanet,drive,53.0
421,381,5,005077-unet-drive.png,unet,drive,53.0
422,402,5,005077-vgan-drive.png,vgan,drive,53.0
423,382,6,005077-laddernet-drive.png,laddernet,drive,53.0
424,369,0,000001-vesselunet-drive.png,unet,drive,54
425,332,1,000001-iternet_uni-drive.png,iternet_uni,drive,54
426,391,2,000001-vgan-drive.png,vgan,drive,54
427,520,3,000001-iternet-drive.png,iternet,drive,54
428,367,5,000001-saunet-drive.png,unet,drive,54
429,500,5,000001-unet-drive.png,unet,drive,54
430,462,6,000001-laddernet-drive.png,laddernet,drive,54
431,509,6,000001-eswanet-drive.png,eswanet,drive,54
432,412,0,003537-vesselunet-drive.png,unet,drive,55
433,459,1,003537-saunet-drive.png,unet,drive,55
434,484,3,003537-laddernet-drive.png,laddernet,drive,55
435,499,3,003537-iternet-drive.png,iternet,drive,55
436,495,4,003537-unet-drive.png,unet,drive,55
437,387,5,003537-iternet_uni-drive.png,iternet_uni,drive,55
438,443,5,003537-eswanet-drive.png,eswanet,drive,55
439,471,7,003537-vgan-drive.png,vgan,drive,55
440,290,0,000000-vesselunet-drive.png,unet,drive,56
441,288,2,000000-laddernet-drive.png,laddernet,drive,56
442,289,3,000000-iternet-drive.png,iternet,drive,56
443,291,3,000000-eswanet-drive.png,eswanet,drive,56
444,294,4,000000-iternet_uni-drive.png,iternet_uni,drive,56
445,292,5,000000-saunet-drive.png,unet,drive,56
446,293,5,000000-unet-drive.png,unet,drive,56
447,295,6,000000-vgan-drive.png,vgan,drive,56
448,370,0,005050-vesselunet-drive.png,unet,drive,57
449,345,1,005050-iternet_uni-drive.png,iternet_uni,drive,57
450,354,3,005050-vgan-drive.png,vgan,drive,57
451,403,3,005050-eswanet-drive.png,eswanet,drive,57
452,420,4,005050-laddernet-drive.png,laddernet,drive,57
453,441,5,005050-saunet-drive.png,unet,drive,57
454,473,6,005050-unet-drive.png,unet,drive,57
455,481,6,005050-iternet-drive.png,iternet,drive,57
456,297,0,005078-vesselunet-drive.png,unet,drive,58
457,296,1,005078-saunet-drive.png,unet,drive,58
458,299,2,005078-iternet-drive.png,iternet,drive,58
459,298,4,005078-laddernet-drive.png,laddernet,drive,58
460,300,4,005078-unet-drive.png,unet,drive,58
461,301,5,005078-iternet_uni-drive.png,iternet_uni,drive,58
462,302,5,005078-vgan-drive.png,vgan,drive,58
463,303,7,005078-eswanet-drive.png,eswanet,drive,58
464,455,0,002367-vesselunet-drive.png,unet,drive,59
465,445,1,002367-unet-drive.png,unet,drive,59
466,492,2,002367-saunet-drive.png,unet,drive,59
467,340,4,002367-iternet-drive.png,iternet,drive,59
468,470,4,002367-laddernet-drive.png,laddernet,drive,59
469,336,5,002367-iternet_uni-drive.png,iternet_uni,drive,59
470,424,6,002367-vgan-drive.png,vgan,drive,59
471,450,6,002367-eswanet-drive.png,eswanet,drive,59
472,395,0,004776-vesselunet-drive.png,unet,drive,60
473,330,1,004776-saunet-drive.png,unet,drive,60
474,407,2,004776-iternet-drive.png,iternet,drive,60
475,423,4,004776-vgan-drive.png,vgan,drive,60
476,405,5,004776-laddernet-drive.png,laddernet,drive,60
477,426,5,004776-iternet_uni-drive.png,iternet_uni,drive,60
478,474,5,004776-eswanet-drive.png,eswanet,drive,60
479,508,6,004776-unet-drive.png,unet,drive,60
480,311,0,001614-vesselunet-drive.png,unet,drive,61
481,307,2,001614-saunet-drive.png,unet,drive,61
482,308,2,001614-unet-drive.png,unet,drive,61
483,304,4,001614-iternet_uni-drive.png,iternet_uni,drive,61
484,305,4,001614-eswanet-drive.png,eswanet,drive,61
485,310,4,001614-laddernet-drive.png,laddernet,drive,61
486,309,5,001614-vgan-drive.png,vgan,drive,61
487,306,7,001614-iternet-drive.png,iternet,drive,61
488,452,0,001304-vesselunet-drive.png,unet,drive,62
489,371,3,001304-unet-drive.png,unet,drive,62
490,505,3,001304-iternet_uni-drive.png,iternet_uni,drive,62
491,400,4,001304-vgan-drive.png,vgan,drive,62
492,410,4,001304-laddernet-drive.png,laddernet,drive,62
493,429,4,001304-eswanet-drive.png,eswanet,drive,62
494,351,5,001304-saunet-drive.png,unet,drive,62
495,390,5,001304-iternet-drive.png,iternet,drive,62
496,444,0,005118-vesselunet-drive.png,unet,drive,63
497,457,2,005118-eswanet-drive.png,eswanet,drive,63
498,480,3,005118-iternet-drive.png,iternet,drive,63
499,516,3,005118-saunet-drive.png,unet,drive,63
500,431,4,005118-vgan-drive.png,vgan,drive,63
501,416,5,005118-unet-drive.png,unet,drive,63
502,478,5,005118-iternet_uni-drive.png,iternet_uni,drive,63
503,530,6,005118-laddernet-drive.png,laddernet,drive,63
504,343,0,,,,
505,348,2,003597-unet-drive.png,unet,drive,64.0
506,378,2,003597-saunet-drive.png,unet,drive,64.0
507,432,3,003597-vgan-drive.png,vgan,drive,64.0
508,358,4,003597-eswanet-drive.png,eswanet,drive,64.0
509,433,5,003597-iternet_uni-drive.png,iternet_uni,drive,64.0
510,476,6,003597-iternet-drive.png,iternet,drive,64.0
511,482,6,003597-laddernet-drive.png,laddernet,drive,64.0
512,503,0,001210-vesselunet-drive.png,unet,drive,65
513,346,1,001210-iternet_uni-drive.png,iternet_uni,drive,65
514,356,2,001210-saunet-drive.png,unet,drive,65
515,361,4,001210-unet-drive.png,unet,drive,65
516,386,4,001210-laddernet-drive.png,laddernet,drive,65
517,372,5,001210-eswanet-drive.png,eswanet,drive,65
518,513,5,001210-vgan-drive.png,vgan,drive,65
519,498,7,001210-iternet-drive.png,iternet,drive,65
520,466,0,001194-vesselunet-drive.png,unet,drive,66
521,339,2,001194-iternet_uni-drive.png,iternet_uni,drive,66
522,512,2,001194-unet-drive.png,unet,drive,66
523,421,3,001194-saunet-drive.png,unet,drive,66
524,376,4,001194-laddernet-drive.png,laddernet,drive,66
525,436,4,001194-eswanet-drive.png,eswanet,drive,66
526,518,6,001194-iternet-drive.png,iternet,drive,66
527,524,7,001194-vgan-drive.png,vgan,drive,66
528,425,0,003553-vesselunet-drive.png,unet,drive,67
529,408,1,003553-eswanet-drive.png,eswanet,drive,67
530,479,2,003553-unet-drive.png,unet,drive,67
531,465,4,003553-iternet-drive.png,iternet,drive,67
532,483,4,003553-saunet-drive.png,unet,drive,67
533,453,5,003553-vgan-drive.png,vgan,drive,67
534,488,6,003553-iternet_uni-drive.png,iternet_uni,drive,67
535,529,6,003553-laddernet-drive.png,laddernet,drive,67
536,458,0,002409-vesselunet-drive.png,unet,drive,68
537,360,2,002409-saunet-drive.png,unet,drive,68
538,331,3,002409-eswanet-drive.png,eswanet,drive,68
539,409,3,002409-unet-drive.png,unet,drive,68
540,398,5,002409-iternet_uni-drive.png,iternet_uni,drive,68
541,419,5,002409-laddernet-drive.png,laddernet,drive,68
542,515,5,002409-iternet-drive.png,iternet,drive,68
543,526,5,002409-vgan-drive.png,vgan,drive,68
544,394,0,002354-vesselunet-drive.png,unet,drive,69
545,335,2,002354-unet-drive.png,unet,drive,69
546,333,3,002354-eswanet-drive.png,eswanet,drive,69
547,434,3,002354-laddernet-drive.png,laddernet,drive,69
548,344,4,002354-iternet-drive.png,iternet,drive,69
549,485,4,002354-iternet_uni-drive.png,iternet_uni,drive,69
550,451,6,002354-vgan-drive.png,vgan,drive,69
551,463,6,002354-saunet-drive.png,unet,drive,69
552,427,0,004111-vesselunet-drive.png,unet,drive,70
553,341,1,004111-unet-drive.png,unet,drive,70
554,368,2,004111-iternet-drive.png,iternet,drive,70
555,366,4,004111-iternet_uni-drive.png,iternet_uni,drive,70
556,438,4,004111-vgan-drive.png,vgan,drive,70
557,525,5,004111-saunet-drive.png,unet,drive,70
558,417,6,004111-eswanet-drive.png,eswanet,drive,70
559,449,6,004111-laddernet-drive.png,laddernet,drive,70
560,497,0,003654-vesselunet-drive.png,unet,drive,71
561,328,2,003654-iternet-drive.png,iternet,drive,71
562,357,2,003654-saunet-drive.png,unet,drive,71
563,365,3,003654-unet-drive.png,unet,drive,71
564,383,4,003654-laddernet-drive.png,laddernet,drive,71
565,521,5,003654-iternet_uni-drive.png,iternet_uni,drive,71
566,522,6,003654-eswanet-drive.png,eswanet,drive,71
567,528,6,003654-vgan-drive.png,vgan,drive,71
568,464,0,001549-vesselunet-drive.png,unet,drive,72
569,392,3,001549-iternet-drive.png,iternet,drive,72
570,440,3,001549-unet-drive.png,unet,drive,72
571,502,3,001549-iternet_uni-drive.png,iternet_uni,drive,72
572,373,4,001549-vgan-drive.png,vgan,drive,72
573,418,4,001549-laddernet-drive.png,laddernet,drive,72
574,510,5,001549-eswanet-drive.png,eswanet,drive,72
575,517,6,001549-saunet-drive.png,unet,drive,72
576,317,0,003522-vesselunet-drive.png,unet,drive,73
577,312,1,003522-iternet_uni-drive.png,iternet_uni,drive,73
578,313,3,003522-vgan-drive.png,vgan,drive,73
579,314,3,003522-iternet-drive.png,iternet,drive,73
580,315,3,003522-saunet-drive.png,unet,drive,73
581,316,5,003522-laddernet-drive.png,laddernet,drive,73
582,319,6,003522-unet-drive.png,unet,drive,73
583,318,7,003522-eswanet-drive.png,eswanet,drive,73
584,397,0,004264-vesselunet-drive.png,unet,drive,74
585,337,3,004264-eswanet-drive.png,eswanet,drive,74
586,486,3,004264-iternet_uni-drive.png,iternet_uni,drive,74
587,359,4,004264-saunet-drive.png,unet,drive,74
588,396,4,004264-iternet-drive.png,iternet,drive,74
589,439,4,004264-unet-drive.png,unet,drive,74
590,364,5,004264-vgan-drive.png,vgan,drive,74
591,413,5,004264-laddernet-drive.png,laddernet,drive,74
592,321,0,002670-vesselunet-drive.png,unet,drive,75
593,320,1,002670-saunet-drive.png,unet,drive,75
594,322,2,002670-unet-drive.png,unet,drive,75
595,323,4,002670-iternet-drive.png,iternet,drive,75
596,325,4,002670-vgan-drive.png,vgan,drive,75
597,324,5,002670-iternet_uni-drive.png,iternet_uni,drive,75
598,326,6,002670-laddernet-drive.png,laddernet,drive,75
599,327,6,002670-eswanet-drive.png,eswanet,drive,75
